Workbook
Name 间接性故障: 下拉选项!$B$2:$B$9
Name 客户类故障: 下拉选项!$C$2:$C$5
Name 直接性故障: 下拉选项!$A$2:$A$9

Sheet 故障录入
A1: 复盘明细 | G1: Master故障复盘
A2: 组件 | B2: 环境 | C2: 事件名称 | D2: 宕机开始时间 | E2: 宕机结束时间 | F2: 责任人 | G2: 故障类别 | H2: 故障子类 | I2: 故障描述 | J2: 是否计算SLA（自动带出） | K2: 备注 | M2: 使用说明：
A3: 行服石家庄项目-交易平台系统_SLA | B3: 石家庄项目测试环境 | C3: 20260831183656事件 | D3: 46265.776 | E3: 46265.846 | F3: 卓松林 | J3: =IFERROR(INDEX(故障说明!$D$2:$D$21,MATCH(H3,故障说明!$B$2:$B$21,0)),"") | M3: 1. 先选择故障类别，故障子类将自动联动显示对应选项
A4: 行服石家庄项目-交易平台系统_SLA | B4: 石家庄项目测试环境 | C4: 20260831172456事件 | D4: 46265.726 | E4: 46265.752 | F4: 卓松林 | J4: =IFERROR(INDEX(故障说明!$D$2:$D$21,MATCH(H4,故障说明!$B$2:$B$21,0)),"") | M4: 2. 选择故障子类后，"是否计算SLA"会自动带出；故障描述可手动填写
A5: 行服石家庄项目-交易平台系统_SLA | B5: 石家庄项目测试环境 | C5: 20260823123356事件 | D5: 46257.524 | E5: 46257.748 | F5: 卓松林 | J5: =IFERROR(INDEX(故障说明!$D$2:$D$21,MATCH(H5,故障说明!$B$2:$B$21,0)),"") | M5: 3. 辅助数据在「下拉选项」Sheet，可按需增删子类
A6: 行服西安项目-交易平台系统_SLA | B6: 行服BU-西安市公共资源交易中心-SLA | C6: 20260830202126事件 | D6: 46264.848 | E6: 46265.417 | F6: 卓松林 | J6: =IFERROR(INDEX(故障说明!$D$2:$D$21,MATCH(H6,故障说明!$B$2:$B$21,0)),"") | M6: 4. 原始数据在「Sheet1」，请勿删除
A7: 行服西安项目-交易平台系统_SLA | B7: 行服BU-西安市公共资源交易中心-SLA | C7: 20260830184529事件 | D7: 46264.782 | E7: 46264.794 | F7: 卓松林 | J7: =IFERROR(INDEX(故障说明!$D$2:$D$21,MATCH(H7,故障说明!$B$2:$B$21,0)),"")
J8: =IFERROR(INDEX(故障说明!$D$2:$D$21,MATCH(H8,故障说明!$B$2:$B$21,0)),"")
J9: =IFERROR(INDEX(故障说明!$D$2:$D$21,MATCH(H9,故障说明!$B$2:$B$21,0)),"")
J10: =IFERROR(INDEX(故障说明!$D$2:$D$21,MATCH(H10,故障说明!$B$2:$B$21,0)),"")
J11: =IFERROR(INDEX(故障说明!$D$2:$D$21,MATCH(H11,故障说明!$B$2:$B$21,0)),"")
J12: =IFERROR(INDEX(故障说明!$D$2:$D$21,MATCH(H12,故障说明!$B$2:$B$21,0)),"")
J13: =IFERROR(INDEX(故障说明!$D$2:$D$21,MATCH(H13,故障说明!$B$2:$B$21,0)),"")
J14: =IFERROR(INDEX(故障说明!$D$2:$D$21,MATCH(H14,故障说明!$B$2:$B$21,0)),"")
J15: =IFERROR(INDEX(故障说明!$D$2:$D$21,MATCH(H15,故障说明!$B$2:$B$21,0)),"")
J16: =IFERROR(INDEX(故障说明!$D$2:$D$21,MATCH(H16,故障说明!$B$2:$B$21,0)),"")
J17: =IFERROR(INDEX(故障说明!$D$2:$D$21,MATCH(H17,故障说明!$B$2:$B$21,0)),"")
J18: =IFERROR(INDEX(故障说明!$D$2:$D$21,MATCH(H18,故障说明!$B$2:$B$21,0)),"")
J19: =IFERROR(INDEX(故障说明!$D$2:$D$21,MATCH(H19,故障说明!$B$2:$B$21,0)),"")
... J9999: =IFERROR(INDEX(故障说明!$D$2:$D$21,MATCH(H9999,故障说明!$B$2:$B$21,0)),"")

Sheet 故障说明
A1: 故障类别 | B1: 故障子类 | C1: 故障描述 | D1: 是否计算SLA
A2: 直接性故障 | B2: 代理入口类故障 | C2: 如负载均衡、网关 | D2: 是
A3: 直接性故障 | B3: 应用类故障 | C3: 如应用bug，应用性能导致的故障 | D3: 是
A4: 直接性故障 | B4: 配置类故障 | C4: 如配置输入错误，配置变更产生的故障 | D4: 是
A5: 直接性故障 | B5: 数据库类故障 | C5: 凡ES,MYSQL,MONGODB,REDIS等数据库性能导致的故障 | D5: 是
A6: 直接性故障 | B6: 中间件类故障 | C6: 自建的配置中心、消息中间件，服务发现等导致的故障 | D6: 是
A7: 直接性故障 | B7: 安全类故障 | C7: 受到外部攻击，或由于安全策略导致自身业务出现问题 | D7: 是
A8: 直接性故障 | B8: 发布类故障 | C8: 发布周期内（构件、部署、验证）导致的故障 | D8: 否
A9: 直接性故障 | B9: 维护期停机 | C9: 例行维护阶段，停机期间发生的拨测故障（该故障只出现在例行维护场景下） | D9: 否
A10: 间接性故障 | B10: 依赖业务故障 | C10: 业务的上游故障出现故障而导致本业务牵连影响 | D10: 否
A11: 间接性故障 | B11: 专线网络故障 | C11: 专线中断导致的故障 | D11: 否
A12: 间接性故障 | B12: 运营商公网故障 | C12: 运营商公网线路问题导致的故障 | D12: 否
... A21: 客户类故障 | B21: 监控系统故障 | C21: 非业务系统故障，因监控系统的故障导致的异常 | D21: 否

Sheet 下拉选项
A1: 直接性故障 | B1: 间接性故障 | C1: 客户类故障
A2: 代理入口类故障 | B2: 依赖业务故障 | C2: 客户基础设施故障
A3: 应用类故障 | B3: 专线网络故障 | C3: 客户基础设施变更
A4: 配置类故障 | B4: 运营商公网故障 | C4: 客户安全误拦截
A5: 数据库类故障 | B5: 私有云基础设施故障 | C5: 监控系统故障
A6: 中间件类故障 | B6: 公有云服务故障
A7: 安全类故障 | B7: 监控系统故障
A8: 发布类故障 | B8: 监控类故障
A9: 维护期停机 | B9: 其它故障
